{"actions":[],"apps":[{"acl":{"app":[],"field":[],"record":[]},"app":null,"category":{"categories":[],"useCategory":"false"},"form":{"layout":"[{\"id\":null,\"type\":\"ROW\",\"isSubTable\":false,\"var\":null,\"controlList\":[{\"isVirtical\":true,\"styleMap\":{\"width\":193,\"height\":64},\"innerComponentSize\":{\"width\":178,\"height\":28},\"type\":\"SINGLE_LINE_TEXT\",\"var\":\"my_key\",\"label\":\"キー\"}]},{\"id\":null,\"type\":\"ROW\",\"isSubTable\":false,\"var\":null,\"controlList\":[{\"isVirtical\":true,\"styleMap\":{\"width\":305,\"height\":64},\"innerComponentSize\":{\"width\":290,\"height\":28},\"type\":\"SINGLE_LINE_TEXT\",\"var\":\"stringField\",\"label\":\"文字列フィールド\"},{\"isVirtical\":true,\"styleMap\":{\"width\":131,\"height\":64},\"innerComponentSize\":{\"width\":116,\"height\":28},\"type\":\"DECIMAL\",\"var\":\"numberField\",\"label\":\"数値\"}]},{\"id\":null,\"type\":\"ROW\",\"isSubTable\":false,\"var\":null,\"controlList\":[{\"isVirtical\":true,\"styleMap\":{\"width\":141,\"height\":55},\"innerComponentSize\":{\"width\":126,\"height\":19},\"type\":\"SINGLE_CHECK\",\"var\":\"radio\",\"label\":\"ラジオボタン\",\"align\":\"horizontal\"},{\"isVirtical\":true,\"styleMap\":{\"width\":151,\"height\":55},\"innerComponentSize\":{\"width\":136,\"height\":19},\"type\":\"MULTIPLE_CHECK\",\"var\":\"checkbox\",\"label\":\"チェックボックス\",\"align\":\"horizontal\"}]},{\"id\":null,\"type\":\"ROW\",\"isSubTable\":false,\"var\":null,\"controlList\":[{\"isVirtical\":true,\"styleMap\":{\"width\":142,\"height\":59},\"innerComponentSize\":{\"width\":121,\"height\":23},\"type\":\"SINGLE_SELECT\",\"var\":\"dropdown\",\"label\":\"ドロップダウン\"}]},{\"id\":null,\"type\":\"ROW\",\"isSubTable\":false,\"var\":null,\"controlList\":[{\"isVirtical\":true,\"styleMap\":{\"width\":434,\"height\":156},\"innerComponentSize\":{\"width\":419,\"height\":115},\"type\":\"MULTIPLE_LINE_TEXT\",\"var\":\"textarea\",\"label\":\"複数行文字列\"}]},{\"id\":null,\"type\":\"ROW\",\"isSubTable\":false,\"var\":null,\"controlList\":[{\"isVirtical\":true,\"styleMap\":{\"width\":434,\"height\":161},\"innerComponentSize\":{\"width\":419,\"height\":120},\"type\":\"EDITOR\",\"var\":\"editor\",\"label\":\"リッチエディター\"}]},{\"id\":null,\"type\":\"ROW\",\"isSubTable\":false,\"var\":null,\"controlList\":[{\"isVirtical\":true,\"styleMap\":{\"width\":197,\"height\":112},\"innerComponentSize\":{\"width\":184,\"height\":76},\"type\":\"MULTIPLE_SELECT\",\"var\":\"multiselect\",\"label\":\"セレクトボックス\"}]},{\"id\":null,\"type\":\"ROW\",\"isSubTable\":false,\"var\":null,\"controlList\":[{\"isVirtical\":true,\"styleMap\":{\"width\":117,\"height\":60},\"innerComponentSize\":{\"width\":102,\"height\":24},\"type\":\"DATE\",\"var\":\"dateField\",\"label\":\"日付\"},{\"isVirtical\":true,\"styleMap\":{\"width\":89,\"height\":60},\"innerComponentSize\":{\"width\":74,\"height\":24},\"type\":\"TIME\",\"var\":\"time\",\"label\":\"時刻\"},{\"isVirtical\":true,\"styleMap\":{\"width\":185,\"height\":60},\"innerComponentSize\":{\"width\":170,\"height\":24},\"type\":\"DATETIME\",\"var\":\"datetimeField\",\"label\":\"日時\"}]},{\"id\":null,\"type\":\"ROW\",\"isSubTable\":false,\"var\":null,\"controlList\":[{\"isVirtical\":true,\"styleMap\":{\"width\":434,\"height\":64},\"innerComponentSize\":{\"width\":419,\"height\":28},\"type\":\"LINK\",\"var\":\"link\",\"label\":\"リンク\"}]},{\"id\":null,\"type\":\"ROW\",\"isSubTable\":false,\"var\":null,\"controlList\":[{\"isVirtical\":true,\"styleMap\":{\"width\":207,\"height\":68},\"innerComponentSize\":{\"width\":192,\"height\":32},\"type\":\"FILE\",\"var\":\"attachfile\",\"label\":\"添付ファイル\"}]},{\"id\":null,\"type\":\"ROW\",\"isSubTable\":false,\"var\":null,\"controlList\":[{\"isVirtical\":true,\"styleMap\":{\"width\":193,\"height\":64},\"innerComponentSize\":{\"width\":178,\"height\":28},\"type\":\"SINGLE_LINE_TEXT\",\"var\":\"methodinfo\",\"label\":\"テストメソッド\"},{\"isVirtical\":true,\"styleMap\":{\"width\":241,\"height\":64},\"innerComponentSize\":{\"width\":226,\"height\":28},\"type\":\"SINGLE_LINE_TEXT\",\"var\":\"validationFld\",\"label\":\"バリデーション\"}]},{\"id\":\"135291\",\"type\":\"SUBTABLE\",\"isSubTable\":true,\"var\":\"changeLogs\",\"controlList\":[{\"isVirtical\":true,\"styleMap\":{\"width\":180,\"height\":59},\"innerComponentSize\":{\"width\":170,\"height\":24},\"type\":\"DATETIME\",\"var\":\"changeYMD\",\"label\":\"changeYMD\"},{\"isVirtical\":true,\"styleMap\":{\"width\":193,\"height\":63},\"innerComponentSize\":{\"width\":192,\"height\":28},\"type\":\"SINGLE_LINE_TEXT\",\"var\":\"historyDesc\",\"label\":\"historyDesc\"}]}]","revision":null},"iconMeta":null,"info":{"code":null,"decimalPrecision":"16","decimalScale":"4","description":"\u003Cbr /\u003E","enableBulkDeletion":"true","fiscalYearStartMonth":"4","iconKey":"APP39","iconType":"PRESET","jsFiles":null,"jsScope":"ALL","name":"KintoneDotNetTestApp","roundingMode":"HALF_EVEN","theme":"PLAIN","titleComponentLocalId":null,"useComment":"true","useHistory":"true","useThumbnail":"true"},"jsFiles":[],"notification":{"appNotifications":[{"events":["RECORD_COMMENT_ADDED"],"target":{"entityId":"9657","entityType":"FIELD_ENTITY","includeSubs":"false"}},{"events":["RECORD_COMMENT_ADDED"],"target":{"entityId":"9658","entityType":"FIELD_ENTITY","includeSubs":"false"}}],"recordNotifications":[],"reminderTimezone":null,"reminders":[],"useComment":"true","useReminder":"false"},"plugin":{"pluginIds":[]},"reports":[],"resource":{"tables":[{"rows":[{"fields":[],"objectId":"0","subObjectId":"-1"}],"type":"AppName"},{"rows":[{"fields":[],"objectId":"0","subObjectId":"-1"}],"type":"AppDescription"},{"rows":[{"fields":[],"objectId":"9656","subObjectId":"-1"},{"fields":[],"objectId":"9657","subObjectId":"-1"},{"fields":[],"objectId":"9658","subObjectId":"-1"},{"fields":[],"objectId":"9659","subObjectId":"-1"},{"fields":[],"objectId":"9660","subObjectId":"-1"},{"fields":[],"objectId":"9661","subObjectId":"-1"},{"fields":[],"objectId":"9662","subObjectId":"-1"},{"fields":[],"objectId":"9663","subObjectId":"-1"},{"fields":[],"objectId":"9673","subObjectId":"-1"},{"fields":[],"objectId":"9674","subObjectId":"-1"},{"fields":[],"objectId":"9675","subObjectId":"-1"},{"fields":[],"objectId":"9675","subObjectId":"9664"},{"fields":[],"objectId":"9675","subObjectId":"9665"},{"fields":[],"objectId":"9676","subObjectId":"-1"},{"fields":[],"objectId":"9676","subObjectId":"9666"},{"fields":[],"objectId":"9676","subObjectId":"9667"},{"fields":[],"objectId":"9677","subObjectId":"-1"},{"fields":[],"objectId":"9677","subObjectId":"9668"},{"fields":[],"objectId":"9677","subObjectId":"9669"},{"fields":[],"objectId":"9678","subObjectId":"-1"},{"fields":[],"objectId":"9679","subObjectId":"-1"},{"fields":[],"objectId":"9680","subObjectId":"-1"},{"fields":[],"objectId":"9680","subObjectId":"9670"},{"fields":[],"objectId":"9680","subObjectId":"9671"},{"fields":[],"objectId":"9680","subObjectId":"9672"},{"fields":[],"objectId":"9681","subObjectId":"-1"},{"fields":[],"objectId":"9682","subObjectId":"-1"},{"fields":[],"objectId":"9683","subObjectId":"-1"},{"fields":[],"objectId":"9684","subObjectId":"-1"},{"fields":[],"objectId":"9685","subObjectId":"-1"},{"fields":[],"objectId":"9686","subObjectId":"-1"},{"fields":[],"objectId":"9687","subObjectId":"-1"},{"fields":[],"objectId":"135288","subObjectId":"-1"},{"fields":[],"objectId":"135291","subObjectId":"-1"},{"fields":[],"objectId":"135289","subObjectId":"-1"},{"fields":[],"objectId":"135290","subObjectId":"-1"}],"type":"FieldLabel"},{"rows":[{"fields":[],"objectId":"9689","subObjectId":"-1"},{"fields":[],"objectId":"20","subObjectId":"-1"}],"type":"ViewName"}]},"schema":{"groups":[],"revision":null,"subTable":{"135291":{"fieldList":{"135289":{"id":"135289","label":"changeYMD","properties":{"defaultExpression":"NOW","defaultValue":null,"noLabel":"false","required":"false","unique":"false"},"type":"DATETIME","var":"changeYMD"},"135290":{"id":"135290","label":"historyDesc","properties":{"defaultValue":"","expression":"","hideExpression":"false","max":null,"min":null,"noLabel":"false","required":"false","unique":"false"},"type":"SINGLE_LINE_TEXT","var":"historyDesc"}},"id":"135291","label":"changeLogs","var":"changeLogs"}},"table":{"fieldList":{"9656":{"id":"9656","label":"レコード番号","properties":{"noLabel":"false","required":"true"},"type":"RECORD_ID","var":"レコード番号"},"9657":{"id":"9657","label":"更新者","properties":{"noLabel":"false","required":"true"},"type":"MODIFIER","var":"更新者"},"9658":{"id":"9658","label":"作成者","properties":{"noLabel":"false","required":"true"},"type":"CREATOR","var":"作成者"},"9659":{"id":"9659","label":"更新日時","properties":{"noLabel":"false","required":"true"},"type":"MODIFIED_AT","var":"更新日時"},"9660":{"id":"9660","label":"作成日時","properties":{"noLabel":"false","required":"true"},"type":"CREATED_AT","var":"作成日時"},"9661":{"id":"9661","label":"ステータス","properties":{"noLabel":"false","required":"false"},"type":"STATUS","var":"ステータス"},"9662":{"id":"9662","label":"作業者","properties":{"noLabel":"false","required":"false"},"type":"STATUS_ASSIGNEE","var":"作業者"},"9663":{"id":"9663","label":"カテゴリー","properties":{"noLabel":"false","required":"false"},"type":"CATEGORY","var":"カテゴリー"},"9673":{"id":"9673","label":"文字列フィールド","properties":{"defaultValue":"","expression":"","hideExpression":"false","max":null,"min":null,"noLabel":"false","required":"false","unique":"false"},"type":"SINGLE_LINE_TEXT","var":"stringField"},"9674":{"id":"9674","label":"数値","properties":{"defaultValue":null,"digit":"false","displayScale":null,"max":null,"min":null,"noLabel":"false","required":"false","roundingMode":null,"scale":null,"unique":"false","unit":null,"unitPosition":null},"type":"DECIMAL","var":"numberField"},"9675":{"id":"9675","label":"ラジオボタン","properties":{"defaultValue":"9664","noLabel":"false","options":[{"id":"9664","label":"radio1","valid":true},{"id":"9665","label":"radio2","valid":true}],"required":"true"},"type":"SINGLE_CHECK","var":"radio"},"9676":{"id":"9676","label":"チェックボックス","properties":{"defaultValue":[],"noLabel":"false","options":[{"id":"9666","label":"check1","valid":true},{"id":"9667","label":"check2","valid":true}],"required":"false"},"type":"MULTIPLE_CHECK","var":"checkbox"},"9677":{"id":"9677","label":"ドロップダウン","properties":{"defaultValue":"9669","noLabel":"false","options":[{"id":"9668","label":"drop1","valid":true},{"id":"9669","label":"drop2","valid":true}],"required":"false"},"type":"SINGLE_SELECT","var":"dropdown"},"9678":{"id":"9678","label":"複数行文字列","properties":{"defaultValue":"","noLabel":"false","required":"false"},"type":"MULTIPLE_LINE_TEXT","var":"textarea"},"9679":{"id":"9679","label":"リッチエディター","properties":{"defaultValue":"","noLabel":"false","required":"false"},"type":"EDITOR","var":"editor"},"9680":{"id":"9680","label":"セレクトボックス","properties":{"defaultValue":[],"noLabel":"false","options":[{"id":"9670","label":"select1","valid":true},{"id":"9671","label":"select2","valid":true},{"id":"9672","label":"select3","valid":true}],"required":"false"},"type":"MULTIPLE_SELECT","var":"multiselect"},"9681":{"id":"9681","label":"日付","properties":{"defaultExpression":"NOW","defaultValue":null,"noLabel":"false","required":"false","unique":"false"},"type":"DATE","var":"dateField"},"9682":{"id":"9682","label":"時刻","properties":{"defaultExpression":"NOW","defaultValue":null,"noLabel":"false","required":"false"},"type":"TIME","var":"time"},"9683":{"id":"9683","label":"日時","properties":{"defaultExpression":"NOW","defaultValue":null,"noLabel":"false","required":"false","unique":"false"},"type":"DATETIME","var":"datetimeField"},"9684":{"id":"9684","label":"リンク","properties":{"defaultValue":"","max":null,"min":null,"noLabel":"false","protocol":"WEB","required":"false","unique":"false"},"type":"LINK","var":"link"},"9685":{"id":"9685","label":"添付ファイル","properties":{"noLabel":"false","required":"false","thumbnailSize":"150"},"type":"FILE","var":"attachfile"},"9686":{"id":"9686","label":"テストメソッド","properties":{"defaultValue":"","expression":"","hideExpression":"false","max":null,"min":null,"noLabel":"false","required":"false","unique":"false"},"type":"SINGLE_LINE_TEXT","var":"methodinfo"},"9687":{"id":"9687","label":"バリデーション","properties":{"defaultValue":"ABCDE","expression":"","hideExpression":"false","max":"10","min":"5","noLabel":"false","required":"true","unique":"false"},"type":"SINGLE_LINE_TEXT","var":"validationFld"},"135288":{"id":"135288","label":"キー","properties":{"defaultValue":"","expression":"","hideExpression":"false","max":null,"min":null,"noLabel":"false","required":"true","unique":"false"},"type":"SINGLE_LINE_TEXT","var":"my_key"}},"id":"1","label":"__ROOT__","var":"__ROOT__"}},"status":{"actions":[],"filters":[],"initialStateId":null,"states":[],"useStatus":"false"},"uuid":"65d1a40a-17a3-4f24-8f31-44903a5b9a24","views":[{"advancedMode":"false","builtinType":null,"fields":[{"row":[{"id":"9656"},{"id":"9686"},{"id":"9687"},{"id":"9658"},{"id":"9660"},{"id":"9657"},{"id":"9659"}]}],"filter":{"category":null,"offset":null,"order":["DESC"],"q":null,"size":null,"sort":["f9660"]},"html":null,"keyFieldId":null,"name":"一覧1","pager":null,"revision":null,"titleFieldId":null,"view":"9689","viewType":"LIST"},{"advancedMode":null,"builtinType":"ALL","fields":[{"row":[{"id":"9656"},{"id":"9673"},{"id":"9674"},{"id":"9675"},{"id":"9676"},{"id":"9677"},{"id":"9678"},{"id":"9679"},{"id":"9680"},{"id":"9681"},{"id":"9682"},{"id":"9683"},{"id":"9684"},{"id":"9685"},{"id":"9686"},{"id":"9687"},{"id":"135288"}]}],"filter":{"category":null,"offset":null,"order":[],"q":null,"size":null,"sort":[]},"html":null,"keyFieldId":null,"name":"（すべて）","pager":null,"revision":null,"titleFieldId":null,"view":"20","viewType":"LIST"}]}],"description":"kintone.NETのテスト用アプリ","iconKey":"APP39","iconMeta":null,"iconSrcAppId":"65d1a40a-17a3-4f24-8f31-44903a5b9a24","iconType":"PRESET","idConversionMap":{"118":"65d1a40a-17a3-4f24-8f31-44903a5b9a24"},"imagesMeta":[],"lookups":[],"name":"KintoneUnitTest","references":[],"version":"14"}