{"actions":[],"apps":[{"acl":{"app":[],"field":[],"record":[]},"app":null,"category":{"categories":[{"children":[],"id":"9759","label":"TEST"}],"useCategory":"false"},"form":{"layout":"[{\"id\":null,\"type\":\"ROW\",\"isSubTable\":false,\"var\":null,\"controlList\":[{\"isVirtical\":true,\"styleMap\":{\"width\":749,\"height\":64},\"innerComponentSize\":{\"width\":734,\"height\":28},\"type\":\"SINGLE_LINE_TEXT\",\"var\":\"methodinfo\",\"label\":\"\\u30c6\\u30b9\\u30c8\\u30e1\\u30bd\\u30c3\\u30c9\"}]},{\"id\":null,\"type\":\"ROW\",\"isSubTable\":false,\"var\":null,\"controlList\":[{\"isVirtical\":true,\"styleMap\":{\"width\":156,\"height\":64},\"innerComponentSize\":{\"width\":141,\"height\":28},\"type\":\"SINGLE_LINE_TEXT\",\"var\":\"stringField\",\"label\":\"\\u6587\\u5b57\\u5217\\u30d5\\u30a3\\u30fc\\u30eb\\u30c9\"},{\"isVirtical\":true,\"styleMap\":{\"width\":159,\"height\":64},\"innerComponentSize\":{\"width\":144,\"height\":28},\"type\":\"DECIMAL\",\"var\":\"numberField\",\"label\":\"\\u6570\\u5024\"},{\"isVirtical\":true,\"styleMap\":{\"width\":141,\"height\":55},\"innerComponentSize\":{\"width\":126,\"height\":19},\"type\":\"SINGLE_CHECK\",\"var\":\"radio\",\"label\":\"\\u30e9\\u30b8\\u30aa\\u30dc\\u30bf\\u30f3\",\"align\":\"horizontal\"},{\"isVirtical\":true,\"styleMap\":{\"width\":151,\"height\":55},\"innerComponentSize\":{\"width\":136,\"height\":19},\"type\":\"MULTIPLE_CHECK\",\"var\":\"checkbox\",\"label\":\"\\u30c1\\u30a7\\u30c3\\u30af\\u30dc\\u30c3\\u30af\\u30b9\",\"align\":\"horizontal\"},{\"isVirtical\":true,\"styleMap\":{\"width\":142,\"height\":59},\"innerComponentSize\":{\"width\":121,\"height\":23},\"type\":\"SINGLE_SELECT\",\"var\":\"dropdown\",\"label\":\"\\u30c9\\u30ed\\u30c3\\u30d7\\u30c0\\u30a6\\u30f3\"}]},{\"id\":null,\"type\":\"ROW\",\"isSubTable\":false,\"var\":null,\"controlList\":[{\"isVirtical\":true,\"styleMap\":{\"width\":315,\"height\":125},\"innerComponentSize\":{\"width\":300,\"height\":84},\"type\":\"MULTIPLE_LINE_TEXT\",\"var\":\"textarea\",\"label\":\"\\u8907\\u6570\\u884c\\u6587\\u5b57\\u5217\"},{\"isVirtical\":true,\"styleMap\":{\"width\":315,\"height\":125},\"innerComponentSize\":{\"width\":300,\"height\":84},\"type\":\"EDITOR\",\"var\":\"editor\",\"label\":\"\\u30ea\\u30c3\\u30c1\\u30a8\\u30c7\\u30a3\\u30bf\\u30fc\"},{\"isVirtical\":true,\"styleMap\":{\"width\":197,\"height\":112},\"innerComponentSize\":{\"width\":184,\"height\":76},\"type\":\"MULTIPLE_SELECT\",\"var\":\"multiselect\",\"label\":\"\\u30bb\\u30ec\\u30af\\u30c8\\u30dc\\u30c3\\u30af\\u30b9\"}]},{\"id\":null,\"type\":\"ROW\",\"isSubTable\":false,\"var\":null,\"controlList\":[{\"styleMap\":{\"width\":827,\"height\":35},\"innerComponentSize\":{\"width\":812,\"height\":11},\"type\":\"HR\"}]},{\"id\":null,\"type\":\"ROW\",\"isSubTable\":false,\"var\":null,\"controlList\":[{\"isVirtical\":true,\"styleMap\":{\"width\":117,\"height\":60},\"innerComponentSize\":{\"width\":102,\"height\":24},\"type\":\"DATE\",\"var\":\"dateField\",\"label\":\"\\u65e5\\u4ed8\"},{\"isVirtical\":true,\"styleMap\":{\"width\":89,\"height\":60},\"innerComponentSize\":{\"width\":74,\"height\":24},\"type\":\"TIME\",\"var\":\"time\",\"label\":\"\\u6642\\u523b\"},{\"isVirtical\":true,\"styleMap\":{\"width\":185,\"height\":60},\"innerComponentSize\":{\"width\":170,\"height\":24},\"type\":\"DATETIME\",\"var\":\"datetimeField\",\"label\":\"\\u65e5\\u6642\"},{\"isVirtical\":true,\"styleMap\":{\"width\":193,\"height\":64},\"innerComponentSize\":{\"width\":178,\"height\":28},\"type\":\"LINK\",\"var\":\"link\",\"label\":\"\\u30ea\\u30f3\\u30af\"},{\"isVirtical\":true,\"styleMap\":{\"width\":193,\"height\":64},\"innerComponentSize\":{\"width\":178,\"height\":28},\"type\":\"SINGLE_LINE_TEXT\",\"var\":\"validationFld\",\"label\":\"\\u30d0\\u30ea\\u30c7\\u30fc\\u30b7\\u30e7\\u30f3\"}]},{\"id\":null,\"type\":\"ROW\",\"isSubTable\":false,\"var\":null,\"controlList\":[{\"isVirtical\":true,\"styleMap\":{\"width\":207,\"height\":68},\"innerComponentSize\":{\"width\":192,\"height\":32},\"type\":\"FILE\",\"var\":\"attachfile\",\"label\":\"\\u6dfb\\u4ed8\\u30d5\\u30a1\\u30a4\\u30eb\"},{\"isVirtical\":true,\"styleMap\":{\"width\":193,\"height\":64},\"innerComponentSize\":{\"width\":178,\"height\":28},\"type\":\"SINGLE_LINE_TEXT\",\"var\":\"my_key\",\"label\":\"\\u30ad\\u30fc\"}]},{\"id\":\"9778\",\"type\":\"SUBTABLE\",\"isSubTable\":true,\"var\":\"changeLogs\",\"controlList\":[{\"isVirtical\":true,\"styleMap\":{\"width\":112,\"height\":59},\"innerComponentSize\":{\"width\":102,\"height\":24},\"type\":\"DATE\",\"var\":\"changeYMD\",\"label\":\"\\u5909\\u66f4\\u65e5\\u4ed8\"},{\"isVirtical\":true,\"styleMap\":{\"width\":193,\"height\":63},\"innerComponentSize\":{\"width\":192,\"height\":28},\"type\":\"SINGLE_LINE_TEXT\",\"var\":\"historyDesc\",\"label\":\"\\u5909\\u66f4\\u5185\\u5bb9\"}]}]","revision":null},"iconMeta":null,"info":{"code":null,"decimalPrecision":"16","decimalScale":"4","description":"kintone.NETのテスト用アプリ","enableBulkDeletion":"false","fiscalYearStartMonth":"4","iconKey":"APP32","iconType":"PRESET","jsFiles":null,"jsScope":"ALL","name":"KintoneUnitTest","roundingMode":"HALF_EVEN","theme":"REPORT","titleComponentLocalId":null,"titleMaxLength":"30","useComment":"true","useHistory":"true","useThumbnail":"true"},"jsFiles":[],"notification":{"appNotifications":[{"events":["RECORD_COMMENT_ADDED"],"target":{"entityId":"9711","entityType":"FIELD_ENTITY","includeSubs":"false"}},{"events":["RECORD_COMMENT_ADDED"],"target":{"entityId":"9712","entityType":"FIELD_ENTITY","includeSubs":"false"}}],"recordNotifications":[],"reminderTimezone":null,"reminders":[],"useComment":"true","useReminder":"false"},"reports":[],"resource":{"tables":[{"rows":[{"fields":[],"objectId":"0"}],"type":"AppName"},{"rows":[{"fields":[],"objectId":"9742"},{"fields":[],"objectId":"9716"},{"fields":[],"objectId":"9717"},{"fields":[],"objectId":"9738"},{"fields":[],"objectId":"9714"},{"fields":[],"objectId":"9739"},{"fields":[],"objectId":"9715"},{"fields":[],"objectId":"9736"},{"fields":[],"objectId":"9712"},{"fields":[],"objectId":"9737"},{"fields":[],"objectId":"9713"},{"fields":[],"objectId":"9734"},{"fields":[],"objectId":"9727"},{"fields":[],"objectId":"9735"},{"fields":[],"objectId":"9732"},{"fields":[],"objectId":"9733"},{"fields":[],"objectId":"9730"},{"fields":[],"objectId":"9731"},{"fields":[],"objectId":"9728"},{"fields":[],"objectId":"9729"},{"fields":[],"objectId":"9711"},{"fields":[],"objectId":"9710"},{"fields":[],"objectId":"9783"},{"fields":[],"objectId":"9777"},{"fields":[],"objectId":"9776"},{"fields":[],"objectId":"9779"},{"fields":[],"objectId":"9778"}],"type":"FieldLabel"},{"rows":[{"fields":[],"objectId":"9741"},{"fields":[],"objectId":"20"},{"fields":[],"objectId":"9761"}],"type":"ViewName"},{"rows":[{"fields":[],"objectId":"9759"}],"type":"CategoryName"},{"rows":[{"fields":[],"objectId":"0"}],"type":"AppDescription"}]},"schema":{"groups":[],"revision":null,"subTable":{"9778":{"fieldList":{"9776":{"id":"9776","label":"変更日付","properties":{"defaultExpression":"NOW","defaultValue":null,"noLabel":"false","required":"false","unique":"false"},"type":"DATE","var":"changeYMD"},"9777":{"id":"9777","label":"変更内容","properties":{"defaultValue":"","expression":"","max":null,"min":null,"noLabel":"false","required":"false","unique":"false"},"type":"SINGLE_LINE_TEXT","var":"historyDesc"}},"id":"9778","label":"changeLogs","var":"changeLogs"}},"table":{"fieldList":{"9710":{"id":"9710","label":"レコード番号","properties":{"noLabel":"false","required":"true"},"type":"RECORD_ID","var":"レコード番号"},"9711":{"id":"9711","label":"更新者","properties":{"noLabel":"false","required":"true"},"type":"MODIFIER","var":"更新者"},"9712":{"id":"9712","label":"作成者","properties":{"noLabel":"false","required":"true"},"type":"CREATOR","var":"作成者"},"9713":{"id":"9713","label":"更新日時","properties":{"noLabel":"false","required":"true"},"type":"MODIFIED_AT","var":"更新日時"},"9714":{"id":"9714","label":"作成日時","properties":{"noLabel":"false","required":"true"},"type":"CREATED_AT","var":"作成日時"},"9715":{"id":"9715","label":"ステータス","properties":{"noLabel":"false","required":"false"},"type":"STATUS","var":"ステータス"},"9716":{"id":"9716","label":"作業者","properties":{"noLabel":"false","required":"false"},"type":"STATUS_ASSIGNEE","var":"作業者"},"9717":{"id":"9717","label":"カテゴリー","properties":{"noLabel":"false","required":"false"},"type":"CATEGORY","var":"カテゴリー"},"9727":{"id":"9727","label":"文字列フィールド","properties":{"defaultValue":"","expression":"","max":null,"min":null,"noLabel":"false","required":"false","unique":"false"},"type":"SINGLE_LINE_TEXT","var":"stringField"},"9728":{"id":"9728","label":"数値","properties":{"defaultValue":null,"digit":"false","displayScale":null,"max":null,"min":null,"noLabel":"false","required":"false","roundingMode":null,"scale":null,"unique":"false"},"type":"DECIMAL","var":"numberField"},"9729":{"id":"9729","label":"ラジオボタン","properties":{"defaultValue":"9718","noLabel":"false","options":[{"id":"9718","label":"radio1","valid":true},{"id":"9719","label":"radio2","valid":true}],"required":"true"},"type":"SINGLE_CHECK","var":"radio"},"9730":{"id":"9730","label":"チェックボックス","properties":{"defaultValue":[],"noLabel":"false","options":[{"id":"9720","label":"check1","valid":true},{"id":"9721","label":"check2","valid":true}],"required":"false"},"type":"MULTIPLE_CHECK","var":"checkbox"},"9731":{"id":"9731","label":"ドロップダウン","properties":{"defaultValue":"9726","noLabel":"false","options":[{"id":"9725","label":"drop1","valid":true},{"id":"9726","label":"drop2","valid":true}],"required":"false"},"type":"SINGLE_SELECT","var":"dropdown"},"9732":{"id":"9732","label":"複数行文字列","properties":{"defaultValue":"","noLabel":"false","required":"false"},"type":"MULTIPLE_LINE_TEXT","var":"textarea"},"9733":{"id":"9733","label":"リッチエディター","properties":{"defaultValue":"","noLabel":"false","required":"false"},"type":"EDITOR","var":"editor"},"9734":{"id":"9734","label":"セレクトボックス","properties":{"defaultValue":[],"noLabel":"false","options":[{"id":"9722","label":"select1","valid":true},{"id":"9723","label":"select2","valid":true},{"id":"9724","label":"select3","valid":true}],"required":"false"},"type":"MULTIPLE_SELECT","var":"multiselect"},"9735":{"id":"9735","label":"日付","properties":{"defaultExpression":"NOW","defaultValue":null,"noLabel":"false","required":"false","unique":"false"},"type":"DATE","var":"dateField"},"9736":{"id":"9736","label":"時刻","properties":{"defaultExpression":"NOW","defaultValue":null,"noLabel":"false","required":"false"},"type":"TIME","var":"time"},"9737":{"id":"9737","label":"日時","properties":{"defaultExpression":"NOW","defaultValue":null,"noLabel":"false","required":"false","unique":"false"},"type":"DATETIME","var":"datetimeField"},"9738":{"id":"9738","label":"リンク","properties":{"defaultValue":"","max":null,"min":null,"noLabel":"false","protocol":"WEB","required":"false","unique":"false"},"type":"LINK","var":"link"},"9739":{"id":"9739","label":"添付ファイル","properties":{"noLabel":"false","required":"false","thumbnailSize":"150"},"type":"FILE","var":"attachfile"},"9742":{"id":"9742","label":"テストメソッド","properties":{"defaultValue":"","expression":"","max":null,"min":null,"noLabel":"false","required":"false","unique":"false"},"type":"SINGLE_LINE_TEXT","var":"methodinfo"},"9779":{"id":"9779","label":"バリデーション","properties":{"defaultValue":"ABCDE","expression":"","max":"10","min":"5","noLabel":"false","required":"true","unique":"false"},"type":"SINGLE_LINE_TEXT","var":"validationFld"},"9783":{"id":"9783","label":"キー","properties":{"defaultValue":"","expression":"","max":"64","min":null,"noLabel":"false","required":"true","unique":"true"},"type":"SINGLE_LINE_TEXT","var":"my_key"}},"id":"1","label":"__ROOT__","var":"__ROOT__"}},"status":{"actions":[],"filters":[],"initialStateId":null,"states":[],"useStatus":"false"},"uuid":"b1508bbb-5c64-4340-a7b6-efce8deb6cfe","views":[{"advancedMode":"false","builtinType":null,"fields":[{"row":[{"id":"9710"},{"id":"9783"},{"id":"9742"},{"id":"9727"},{"id":"9712"},{"id":"9714"},{"id":"9711"},{"id":"9713"}]}],"filter":{"category":null,"offset":null,"order":["DESC"],"q":null,"size":null,"sort":["f9714"]},"html":null,"keyFieldId":null,"name":"一覧","pager":null,"revision":null,"titleFieldId":null,"view":"9741","viewType":"LIST"},{"advancedMode":"false","builtinType":null,"fields":[{"row":[{"id":"9783"},{"id":"9742"},{"id":"9727"},{"id":"9728"},{"id":"9729"},{"id":"9730"},{"id":"9731"},{"id":"9733"},{"id":"9732"},{"id":"9734"},{"id":"9735"},{"id":"9736"},{"id":"9737"},{"id":"9738"},{"id":"9779"},{"id":"9739"}]}],"filter":{"category":null,"offset":null,"order":["DESC"],"q":null,"size":null,"sort":["f9714"]},"html":null,"keyFieldId":null,"name":"全項目","pager":null,"revision":null,"titleFieldId":null,"view":"9761","viewType":"LIST"},{"advancedMode":null,"builtinType":"ALL","fields":[{"row":[{"id":"9710"},{"id":"9727"},{"id":"9728"},{"id":"9729"},{"id":"9730"},{"id":"9731"},{"id":"9732"},{"id":"9733"},{"id":"9734"},{"id":"9735"},{"id":"9736"},{"id":"9737"},{"id":"9738"},{"id":"9739"},{"id":"9742"},{"id":"9779"},{"id":"9783"}]}],"filter":{"category":null,"offset":null,"order":[],"q":null,"size":null,"sort":[]},"html":null,"keyFieldId":null,"name":"（すべて）","pager":null,"revision":null,"titleFieldId":null,"view":"20","viewType":"LIST"}]}],"description":"kintoneDotNETテスト用のアプリテンプレート","iconKey":"APP32","iconMeta":null,"iconSrcAppId":"b1508bbb-5c64-4340-a7b6-efce8deb6cfe","iconType":"PRESET","idConversionMap":{"57":"b1508bbb-5c64-4340-a7b6-efce8deb6cfe"},"imagesMeta":[],"lookups":[],"name":"kintoneUnitTest","references":[],"version":"11"}